Question,Answer,Marathi,Example,Mnemonic,AI Notes,Reference
What does 「Nです」mean?,"Polite copula: states ""I am / this is [noun]"" — identifies or describes something with a noun.","मी विद्यार्थी आहे. — I am a student. (Marathi's sentence-final copula ""आहे"" mirrors Japanese's
sentence-final ""です"" — both languages put the ""to be"" verb at the very end.)","Easy: わたしは学生です。 — I am a student. (Why: the plain N+です pattern with no modifiers, the simplest form.)
Medium: わたしは日本語(にほんご)の学生です。 — I am a student of Japanese. (Why: adds a modifying phrase before the noun via の, showing です still just attaches to the final noun.)
Hard: わたしは今年(ことし)から日本語学校(にほんごがっこう)の学生です。 — Since this year, I am a student at a Japanese language school. (Why: embeds a time phrase and a longer noun phrase before です, testing recognition of the pattern under heavier modification.)","です sounds like a soft stamp — ""desu!"" — placed at the very end of a sentence to seal the
identification, like a rubber stamp confirming ""yes, this is [noun].""","Common mistake: beginners try to conjugate です like a regular verb, or drop it after い-adjectives
thinking it's not needed (大きいです is correct — です still appears for politeness even though the
adjective itself carries the negation/tense later, e.g. 大きくないです). Remember です itself carries
no meaning beyond politeness — the identification comes purely from word order (X は Y です).",Topics.md G001
What does 「Nではありません」mean?,"Polite negative copula: states ""I am not / this is not [noun]"".","मी शिक्षक नाही. — I am not a teacher. (Marathi negates with ""नाही"" after the noun, paralleling how
Japanese negates with ""ではありません"" after N — both put the negation marker at the very end.)","Easy: わたしは先生ではありません。 — I am not a teacher. (Why: the basic negative copula attached directly to a noun.)
Medium: これは新(あたら)しい本ではありません。 — This is not a new book. (Why: shows ではありません after a noun modified by an adjective.)
Hard: 田中(たなか)さんは今日(きょう)、学校(がっこう)の先生ではありません。 — Mr. Tanaka is not a school teacher today. (Why: combines a time expression and a modified noun phrase before the negative copula.)","Break it down: では (as for that) + ありません (there isn't/doesn't exist) — literally ""as for that,
it doesn't exist [as that]."" では is です's negative doorway; ありません slams it shut.","Common mistake: writing じゃありません and ではありません as if they're different in meaning — they
aren't; じゃ is just the casual-but-still-polite contraction of では, both equally correct in polite
speech. Also watch word order: the negation attaches to the whole です, not to the noun itself, so
never insert ない directly onto the noun.",Topics.md G002
What does 「〜ことができます」mean?,To be able to do something / can do (expressing ability or potential).,मला जपानी बोलता येते — I can speak Japanese. Japanese dictionary form + ことができます and Marathi verb + ता येते share a beautiful parallel where the action is nominalized before expressing ability.,"Easy: 私は漢字を読むことができます (わたしは かんじを よむ ことができます) — I can read kanji. (Why: The dictionary form 読む is nominalized by ことができます to show reading ability.)
Medium: ここでカードで払うことができます (ここで カードで はらう ことができます) — You can pay by card here. (Why: Expresses situational possibility of payment using the verb 払う.)
Hard: 私は日本語で簡単な手紙を書くことができます (わたしは にほんごで かんたんな てがみを かく ことができます) — I can write a simple letter in Japanese. (Why: Combines multiple modifiers like ""in Japanese"" and ""simple letter"" with the dictionary form verb ""書く"" to express capability.)","こと turns a verb into ""the act of [verb]-ing"" (like English ""-ing"" as a noun), and できます means
""is possible"" — so literally ""the act of doing X is possible."" Picture turning the verb into a
noun-shaped object before handing it to できます.","Common mistake: attaching ことができます to the ます-form instead of the plain dictionary form (❌
食べますことができます, ✅ 食べることができます). Also don't confuse this with the shorter potential-verb
form (食べられます) — N5 typically expects ことができます first; the direct potential form is more N4.",Analysis checklist #55 (jlpt_n5_flashcard_checklist.md)
What does 「い-adjective (affirmative)」mean?,"Expresses a present or future affirmative state or quality using an adjective ending in ""い"" in its polite form.",हा चहा खूप गरम आहे। — This tea is very hot. Both languages share the SOV sentence structure where the adjective precedes the closing polite state marker (です / आहे).,"Easy: 今日は寒いです。(きょうはさむいです) — Today is cold. (Why: The ""い"" adjective 寒い ends in ""いです"" for polite present affirmation.)
Medium: この本はとても面白いです。(このほんはとてもおもしろいです) — This book is very interesting. (Why: The adverb とても modifies the ""い"" adjective to add emphasis.)
Hard: わたしの部屋は狭いですが、きれいです。(わたしのへやはせまいですが、きれいです) — My room is small, but it is clean. (Why: Links an ""い"" adjective clause using が to show contrast before a ""な"" adjective predicate.)","い-adjectives already end in い — no extra copula needed to ""make"" them an adjective, just add です
for politeness (寒い → 寒いです).","Common mistake: adding な after an い-adjective when modifying a noun (❌ 寒いな日) — な is only for
な-adjectives; い-adjectives attach directly to the noun (寒い日).",Analysis checklist #36 (jlpt_n5_flashcard_checklist.md)
What does 「い-adjective negative (~くないです)」mean?,"Expresses a present or future negative state or quality for an ""い"" adjective by dropping ""い"" and adding ""くないです"".",हा रस्ता चांगला नाही। — This road is not good. Both languages show a parallel where the affirmative adjective is modified at its end to express negation before the final verb/copula.,"Easy: 今日は寒くないです。(きょうはさむくないです) — Today is not cold. (Why: The ""い"" of 寒い is dropped and replaced with くないです to conjugate to negative.)
Medium: その辞書はあまり良くないです。(そのじしょはあまりよくないです) — That dictionary is not very good. (Why: The irregular adjective いい changes to よ before adding くないです, modified by the negative-favouring adverb あまり.)
Hard: このアパートの家賃は安くないですが、便利です。(このあぱーとのやちんはやすくないですが、べんりです) — The rent of this apartment is not cheap, but it is convenient. (Why: Shows a negative ""い"" adjective contrasting clause linked to a positive ""な"" adjective.)","Drop the final い, add くない — ""i"" leaves, ""ku-nai"" arrives.","Common mistake: forgetting いい (good) is irregular — its negative is よくない, not いくない. Memorize
いい/よい as the one standout exception among い-adjectives.",Analysis checklist #37 (jlpt_n5_flashcard_checklist.md)
What does 「い-adjective past (~かったです)」mean?,"Expresses a past affirmative state or quality for an ""い"" adjective by dropping ""い"" and adding ""かったです"".",काल खूप थंडी होती। — Yesterday it was very cold. Both systems place the past-inflected descriptive state right at the end of the sentence.,"Easy: 昨日のお祭りは楽しかったです。(きのうのおまつりはたのしかったです) — Yesterday's festival was fun. (Why: The adjective 楽しい drops ""い"" and takes かったです to indicate the past state.)
Medium: 先週のテストはとても難しかったです。(せんしゅうのてすとはとてもむずかしかったです) — Last week's test was very difficult. (Why: Inflects the long N5 adjective 難しい into its polite past affirmative form.)
Hard: 昨日は天気が良かったですから、海へ行きました。(きのうはてんきがよかったですから、うみへいきました) — Yesterday the weather was good, so I went to the sea. (Why: Uses the past form of いい (よかった) followed by から to express a reason.)","Drop い, add かった — ""i"" becomes ""katta"" (sounds like something that already ""got-ta"" happen).","Common mistake: forgetting いい's irregular stem again — the past of いい is よかった, not いかった.
Also don't add でした after かったです; the past tense is already built into かった.",Analysis checklist #38 (jlpt_n5_flashcard_checklist.md)
What does 「な-adjective (affirmative)」mean?,"Expresses a present or future affirmative state or quality using a ""な"" adjective paired with the polite copula ""です"".",हा मुलगा हुशार आहे। — This boy is smart. Adjectives in both systems can pair directly with a copula at the end without internal inflection changes in basic descriptive statements.,"Easy: この公園は静かです。(このこうえんはしずかです) — This park is quiet. (Why: The ""な"" adjective 静か pairs directly with the polite copula です to state a present affirmative condition.)
Medium: あの留学生は日本語がとても上手です。(あのりゅうがくせいはにほんごがとてもじょうずです) — That exchange student is very good at Japanese. (Why: The ""な"" adjective 上手 is used with the particle が to state a point of proficiency.)
Hard: この町はにぎやかですから、買い物が便利です。(このまちはにぎやかですから、かいものがべんりです) — This town is lively, so shopping is convenient. (Why: Connects two affirmative ""な"" adjective statements using the causal particle から.)","な-adjectives act just like nouns — no ending change needed, just tack on です as-is (静か + です).","Common mistake: assuming な-adjectives need くない/かった like い-adjectives — they don't. Treat them
exactly like nouns for every conjugation (です / ではありません / でした).",Analysis checklist #39 (jlpt_n5_flashcard_checklist.md)
What does 「な-adjective negative (~れません)」mean?,"Expresses a present or future negative state or quality for a ""な"" adjective using ""では（じゃ）ありません"".",हा परिसर शांत नाही। — This area is not quiet. Both structures end the clause with a negative copula/marker (ではありません / नाही) following the noun-like adjective.,"Easy: 今日は暇ではありません。(きょうはひまではありません) — I am not free today. (Why: The ""な"" adjective 暇 is negated politely using ありません.)
Medium: 私はあの人があまり好きじゃありません。(わたしはあのひとがあまりすきじゃありません) — I do not like that person very much. (Why: Uses the conversational negative じゃありません with the descriptive ""な"" adjective 好き.)
Hard: あの食堂はきれいではありませんが、料理が美味しいです。(あのしょくどうはきれいではありませんが、りょうりがおいしいです) — That cafeteria is not clean, but the food is delicious. (Why: Pairs a negative ""な"" adjective contrasting clause with a positive ""い"" adjective statement.)","Same negation as nouns: な-adjective + ではありません (or じゃありません) — no special adjective-only
rule to learn.","Common mistake: applying くない to a な-adjective (❌ 静かくない) — that's the い-adjective rule.
な-adjectives always negate like nouns instead.",Analysis checklist #40 (jlpt_n5_flashcard_checklist.md)
What does 「な-adjective past (~でした)」mean?,"Expresses a past affirmative state or quality for a ""な"" adjective using the past polite copula ""でした"".",तो माणूस प्रसिद्ध होता। — That man was famous. The past copula was (でした / होता) sits at the very end of the sentence in both SOV systems.,"Easy: 昨日は暇でした。(きのうはひまでした) — I was free yesterday. (Why: The ""な"" adjective 暇 is placed in the polite past tense using でした.)
Medium: 子どものとき、勉強が嫌いでした。(こどものとき、べんきょうがきらいでした) — When I was a child, I hated studying. (Why: Combines a time clause with the past state of a ""な"" adjective.)
Hard: 昨日のテストは簡単でしたから、時間が余りました。(きのうのてすとはかんたんでしたから、じかんがあまりました) — Yesterday's test was easy, so I had time left over. (Why: Explains a past outcome using a past ""な"" adjective cause linked by から.)","な-adjective + でした — again, identical to how a plain noun takes its past tense.","Common mistake: writing 静かでしたです (a doubled copula) — でした alone is already the complete
past-polite form, no extra です needed after it.",Analysis checklist #41 (jlpt_n5_flashcard_checklist.md)
What does 「Adjective + の (nominalization)」mean?,"Turns an adjective into a noun pronoun meaning ""the [adjective] one"" to avoid repeating the noun itself.","मला लाल वाला चेंडू दे, काळा वाला नको। — Give me the red ball, not the black one. The suffix ""-वाला"" (-wala) in the translation performs the exact same nominalizing function as the Japanese ""の"".","Easy: 青いのが欲しいです。(あおいのがほしいです) — I want the blue one. (Why: Nominalizes the ""い"" adjective 青い to represent an object, avoiding repetition.)
Medium: 賑やかなのより静かなのが好きです。(にぎやかなのよりしずかなのがすきです) — I prefer a quiet one to a lively one. (Why: Nominalizes two ""な"" adjectives by appending なの, making a comparison.)
Hard: 新しいペンがありますか。古いのはもう書けません。(あたらしいぺんがありますか。ふるいのはもうかけません) — Do you have a new pen? The old one can no longer write. (Why: Uses の to replace the noun ""pen"" in the second sentence to maintain natural flow.)","の here stands in for ""one"" — the missing noun swapped out for a placeholder, like English ""the red
one.""","Common mistake: forgetting な-adjectives keep their な before の (静かな + の = 静かなの), while
い-adjectives attach の directly with no extra particle (青い + の = 青いの).",Analysis checklist #42 (jlpt_n5_flashcard_checklist.md)
What does 「~くて / ~で (connecting adjectives)」mean?,"Connects two or more adjectives in a single sentence, meaning ""and"" (using ""~くて"" for ""い"" adjectives and ""~で"" for ""な"" adjectives).",हा रस्ता रुंद आणि चांगला आहे। — This road is wide and good. Both languages connect multiple descriptors sequentially before ending the sentence with a single final verb/copula.,"Easy: この部屋は広くて明るいです。(このへやはひろくてあかるいです) — This room is spacious and bright. (Why: Connects the ""い"" adjective 広い by changing its ending to くて, followed by the second adjective.)
Medium: あの図書館は静かでとてもいいです。(あのとしょかんはしずかでとてもいいです) — That library is quiet and very good. (Why: Connects the ""な"" adjective 静か by adding で, followed by the ""い"" adjective sentence-ender.)
Hard: 日本の地下鉄はきれいで便利ですが、少し高いです。(にほんのちかてつはきれいでべんりですが、すこしたかいです) — Japan's subways are clean and convenient, but a bit expensive. (Why: Connects two ""な"" adjectives with で, and then links to a contrasting ""い"" adjective clause using が.)","い→くて, な→で — a simple swap-in ending: drop い and add くて, or just add で to a な-adjective.","Common mistake: using て after a な-adjective (❌ 静かて) instead of で — な-adjectives (and nouns)
both connect with で; only い-adjectives use くて.",Analysis checklist #43 (jlpt_n5_flashcard_checklist.md)
What does 「AよりBのほうが」mean?,B is more [adjective] than A.,"A पेक्षा B जास्त (विशेषण) आहे — B is more [adjective] than A. (The postposition ""पेक्षा"" (peksha) directly mirrors the comparison particle ""より"", and ""B च्या बाजूने"" or simply ""B"" matches ""B のほうが"" to indicate the subject possessing the higher degree of the quality).","Easy: 猫より犬のほうが好きです。(ねこ より いぬ のほうが すき です。) — I like dogs more than cats. (Why: Shows a simple comparative preference between two common nouns.)
Medium: カタカナより漢字のほうが難しいです。(かたかな より かんじ のほうが むずかしい です。) — Kanji is more difficult than katakana. (Why: Compares two scripts using a standard い-adjective.)
Hard: 自転車より電車のほうが速くて便利です。(じてんしゃ より でんしゃ のほうが はやくて べんり です。) — Trains are faster and more convenient than bicycles. (Why: Compares two modes of transportation using a compound adjective description linked via て-form.)","より sounds like ""more-y"" — read it as ""more than."" のほうが = ""the side/direction of"" — literally
""more than A, B's side [wins].""","Common mistake: dropping のほうが and just saying ""AとBが"" — that changes the sentence into a plain
listing, not a comparison. The winning item always sits right before のほうが, not after より.",Analysis checklist #47 (jlpt_n5_flashcard_checklist.md)
What does 「AとBとどちらが」mean?,"Which is more [adjective], A or B?","A आणि B मध्ये कोणते जास्त (विशेषण) आहे? — Which is more [adjective], A or B? (The double ""と"" particle marks both options like ""आणि"", while ""どちらが"" functions exactly as the interrogative ""कोणते/कोणता"" in Marathi to ask for a choice between two).","Easy: 犬と猫とどちらが好きですか。(いぬ と ねこ と どちら が すき です か。) — Which do you like more, dogs or cats? (Why: Standard polite question pattern comparing preferences for two animal nouns.)
Medium: 日本語と英語とどちらが難しいですか。(にほんご と えいご と どちら が むずかしい です か。) — Which is more difficult, Japanese or English? (Why: Compares the difficulty of two languages using an い-adjective with the question particle か.)
Hard: 今日と明日とどちらが暇ですか。(きょう と あした と どちら が ひま です か。) — Which day are you more free, today or tomorrow? (Why: Interrogates comparative free time using temporal nouns and a な-adjective.)","どちら = ""which of the two"" — picture holding up two hands, one for A and one for B, and asking
""dochira?"" (this one, or that one?).","Common mistake: using どれ (which of three or more) instead of どちら — どちら is required specifically
when comparing exactly two named options. Also don't drop the second と — both A and B need their
own と (A と B と どちらが).",Analysis checklist #48 (jlpt_n5_flashcard_checklist.md)
What does 「~の中でいちばん」mean?,The most [adjective] among/in [category] (superlative).,"~ मध्ये सर्वात... — The most [adjective] in/among ~. (The compound postposition ""の中で"" directly corresponds to the Marathi locative group marker ""मध्ये"", and ""いちばん"" matches the superlative modifier ""सर्वात"" or ""सगळ्यात"").","Easy: 果物の中でりんごがいちばん好きです。(くだもの の なか で りんご が いちばん すき です。) — Apples are my favorite among fruits. (Why: Identifies a single favorite item from a clear category noun.)
Medium: 家族の中でだれがいちばん背が高いですか。(かぞく の なか で だれ が いちばん せ が たかい です か。) — Who is the tallest person in your family? (Why: Formulates a superlative question within a social group noun using the interrogative ""だれ"".)
Hard: 一年の中で八月がいちばん暑いです。(いちねん の なか で はちがつ が いちばん あつい です。) — August is the hottest month of the year. (Why: States a superlative climate fact within a temporal cycle category.)","の中で = ""inside of"" (中 = inside), いちばん = ""number one"" (一 = one, 番 = rank/number) — literally
""inside [category], (ranked) number one.""","Common mistake: reaching for もっと (""more"") when a superlative is needed — もっと only works for
comparatives, never for ""the most."" Also の中で always needs a group/category noun before it (fruits,
family, the year); it can't stand alone as ""the most.""",Analysis checklist #49 (jlpt_n5_flashcard_checklist.md)
What does 「Noun + です」mean?,"Polite copula meaning ""to be"" (am/is/are) used to declare identity or state.","... आहे (Noun + aahe) — is/am/are. For example: तो विद्यार्थी आहे (To vidyarthi aahe) — He is a student. In this tongue, the verb 'आहे' comes at the end, perfectly matching the SOV pattern of Japanese where 'です' concludes the sentence.","Easy: これは本です。(これ は ほん です) — This is a book. (Why: Standard use of the polite copula to identify an object.)
Medium: 私の弟は学生です。(わたし の おとうと は がくせい です) — My younger brother is a student. (Why: Demonstrates the copula declaring the status of a third-person subject.)
Hard: あの赤い車は山田さんのです。(あの あかい くるま は やまださん の です) — That red car is Mr. Yamada's. (Why: Shows the copula concluding a sentence where the noun after the possessive marker 'の' is omitted.)","です is a polite little ""yes/is"" stamp placed at the very end of a sentence.","Common mistake: attaching です directly onto a verb to make it polite (❌ 食べますです) — です only
pairs with nouns/na-adjectives for ""is/am/are""; verbs already carry their own politeness via ます.",Analysis checklist #17 (jlpt_n5_flashcard_checklist.md)
What does 「Noun + ではありません / じゃないです」mean?,"Polite negative copula meaning ""is not"", ""am not"", or ""are not"".",... नाही (Noun + nahi) — is not / am not / are not. For example: तो विद्यार्थी नाही (To vidyarthi nahi) — He is not a student. Both Japanese (ではありません) and the corresponding Devanagari phrase (नाही) conclude sentences with the negative copula.,"Easy: 私は先生ではありません。(わたし は せんせい ではありません) — I am not a teacher. (Why: Simple polite negation of a noun using the formal ではありません.)
Medium: 今日は日曜日じゃないです。(きょう は にちようび じゃないです) — Today is not Sunday. (Why: Demonstrates the more conversational yet polite negative form 'じゃないです' with a day of the week.)
Hard: あの人はこの学校の学生ではありません。(あの ひと は この がっこう の がくせい ではありません) — That person is not a student of this school. (Why: Negates a noun that is modified by a relative genitive phrase.)","では = ""as for that"" + ありません = ""doesn't exist"" → ""as for that, it doesn't exist [as that].""","Common mistake: assuming じゃないです is less polite than ではありません — both are equally polite;
じゃ is just the natural spoken contraction of では, fine in everyday polite conversation.",Analysis checklist #18 (jlpt_n5_flashcard_checklist.md)
What does 「Noun + でした」mean?,"Polite past tense of the copula です, meaning ""was"" or ""were"".","... होता/होती (Noun + hota/hoti) — was/were. For example: काल सुट्टी होती (Kaal sutti hoti) — Yesterday was a holiday. Just like Japanese 'でした', the local past tense copula is placed at the end of the sentence.","Easy: 昨日は雨でした。(きのう は あめ でした) — Yesterday was rainy. (Why: Uses でした to make a simple past polite statement about a noun (weather).)
Medium: 先週は休みでした。(せんしゅう は やすみ でした) — Last week was a day off. (Why: Employs でした with a past time indicator to describe a past state.)
Hard: 昨日のテストはとても簡単でした。(きのう の てすと は とても かんたん でした) — Yesterday's test was very easy. (Why: Applies でした to a past state described by a な-adjective base.)","でした = です + た (the past marker) — ""was-desu,"" the past tense riding piggyback on です.","Common mistake: tacking でした onto an already-past verb (❌ 食べましたでした) — でした only attaches
to nouns/na-adjectives; verbs carry their own past tense via ました.",Analysis checklist #19 (jlpt_n5_flashcard_checklist.md)
What does 「Noun + ではありませんでした」mean?,"Polite past negative copula meaning ""was not"" or ""were not"".","... नव्हता/नव्हती (Noun + navhta/navhti) — was not / were not. For example: काल सुट्टी नव्हती (Kaal sutti navhti) — Yesterday was not a holiday. The local past negative copula occupies the final position, echoing the structure of 'ではありませんでした'.","Easy: 昨日は休みではありませんでした。(きのう は やすみ ではありませんでした) — Yesterday was not a day off. (Why: baseline demonstration of past polite negative conjugation for a noun.)
Medium: そのテストは簡単ではありませんでした。(その てすと は かんたん ではありませんでした) — That test was not easy. (Why: Negates the past state of a な-adjective (簡単).)
Hard: 先週の金曜日は雨ではありませんでした。(せんしゅう の 金ようび は あめ ではありませんでした) — Last Friday was not rainy. (Why: Connects a past time noun modifier with the formal past negative copula.)","Stack all three pieces: では (as for) + ありません (doesn't exist) + でした (past) — ""as for that, it
didn't exist [as that], back then.""","Common mistake: thinking the shorter じゃなかったです is a separate pattern — it's the same meaning,
just the casual-but-polite version, freely interchangeable with ではありませんでした.",Analysis checklist #20 (jlpt_n5_flashcard_checklist.md)
What does 「Xは Yです」mean?,"The basic sentence structure meaning ""As for X, it is Y"" (X is Y).","X, Y आहे (X, Y aahe) — X is Y. For example: मी शिक्षक आहे (Mi shikshak aahe) — I am a teacher. This represents an identical SOV alignment: Subject (X) + Object/Complement (Y) + Copula (आहे).","Easy: 私は学生です。(わたし は がくせい です) — I am a student. (Why: The most fundamental template of the Xは Yです pattern.)
Medium: 山田さんはこの会社の社員です。(やまださん は この かいしゃ の しゃいん です) — Mr. Yamada is an employee of this company. (Why: Expands the Y component with a noun modifying particle 'の'.)
Hard: 私の趣味は日本の映画を見ることです。(わたし の しゅみ は にほん の えいが を みる こと です) — My hobby is watching Japanese movies. (Why: Nominalizes a verb phrase using 'ること' to fit into the Y noun slot.)","は marks ""as for X..."" and です seals ""...it's Y"" — read the whole sentence as one breath: ""As for X,
Y.""","Common mistake: reaching for が instead of は here — for a simple ""X is Y"" statement, は is almost
always right; が would instead emphasize X as the specific answer to ""who/what is Y?""",Analysis checklist #21 (jlpt_n5_flashcard_checklist.md)
What does 「Xは Yですか」mean?,"The polite question form of ""Is X Y?"", created by adding the question particle か to です.","X, Y आहे का? (X, Y aahe ka?) — Is X Y? For example: तू विद्यार्थी आहेस का? (Tu vidyarthi aahes ka?) — Are you a student? The local question marker 'का' is placed at the absolute end, perfectly matching the position and function of 'か'.","Easy: あなたは学生ですか。(あなた は がくせい ですか) — Are you a student? (Why: Standard baseline question structure using the topic marker and ending question particle.)
Medium: あの人は山田さんの先生ですか。(あの ひと は やまださん の せんせい ですか) — Is that person over there Mr. Yamada's teacher? (Why: Integrates demonstratives and possessives inside a polite question frame.)
Hard: この赤い辞書はあなたのですか。(この あかい じしょ は あなた の ですか) — Is this red dictionary yours? (Why: Forms a question about ownership using a possessive pronoun 'あなた の' before the question copula.)","か is a tiny hook curling up at the end of the sentence, like a question mark riding on です.","Common mistake: adding a written ""?"" on top of か — か alone marks the question in Japanese, so the
question mark is redundant (common informally, but not needed). Word order otherwise stays exactly
statement-like.",Analysis checklist #22 (jlpt_n5_flashcard_checklist.md)
What does 「があります」mean?,"There is / are (used to show the existence of inanimate, non-living things).","टेबलावर पुस्तक आहे (Teblavar pustak aahe) — There is a book on the table. Both Japanese and Marathi are SOV languages where the existence verb (あります / आहे) is placed at the very end of the sentence, immediately following the subject.","Easy: 机の上に本があります。(つくえのうえにほんがあります) — There is a book on the desk. (Why: The subject ""本"" is an inanimate object, so the existence verb is used)
Medium: この教室に新しいパソコンがあります。(このきょうしつにあたらしいぱするとんがあります) — There is a new computer in this classroom. (Why: Introduces a location modifier and an adjective describing the inanimate subject)
Hard: 駅の近くに大きい病院がありますが、とても便利です。(えきのちかくにおおきいびょういんがありますが、とてもべんりです) — There is a big hospital near the station, and it is very convenient. (Why: Integrates inanimate existence in a complex compound sentence joined by the adversative conjunction ""が"")","あります sounds like a little ""ah, it's there!"" of discovery — use it for anything that can't get up
and walk away on its own.","Common mistake: using います for inanimate objects (❌ 本がいます) — Japanese enforces a strict
animate/inanimate split that English ""there is"" ignores. Quick check: can it move on its own? If
not, あります.",Analysis checklist #44 (jlpt_n5_flashcard_checklist.md)
What does 「がいます」mean?,"There is / are (used to show the existence of animate, living beings such as people and animals).","खोलीत मुलगा आहे (Kholit mulga aahe) — There is a boy in the room. In both languages, the existence of living subjects is marked with the terminal verb (います / आहे) following the marked location and subject.","Easy: 庭に犬がいます。(にわにいぬがいます) — There is a dog in the garden. (Why: ""犬"" is a living animal, so the animate existence verb is mandatory)
Medium: あそこに有名な先生がいます。(あそこにゆうめいなせんせいがいます) — There is a famous teacher over there. (Why: Links a distant location ""あそこ"" with a human subject modified by a な-adjective)
Hard: 私の家には可愛い猫が三匹います。(わたしのいえにはかわいいねこがさんびきいます) — There are three cute cats in my house. (Why: Combines a location-topic compound ""には"", an adjective, and a specific N5 animal counter ""三匹"")","います is for anyone who can walk (or crawl, or fly) into the room on their own — people and animals
only.","Common mistake: assuming ""alive"" is enough to trigger います — plants are alive but still take
あります, since the real rule is about self-directed movement, not biology. Also remember animals
usually need a species-specific counter (匹 for small animals, 頭 for large ones) when giving a
quantity.",Analysis checklist #45 (jlpt_n5_flashcard_checklist.md)
What does 「~があります」mean when used for possession?,"I have / someone has (used to express ownership of tangible items, or availability of time/events).","माझ्याजवळ पैसे आहेत (Mazyajaval paise aahet) — I have money. Marathi expresses possession using the postposition ""जवळ"" (near/with) combined with an existence verb, which mirrors the spatial concept of the Japanese topic-subject-existence structure.","Easy: 私はお金があります。(わたしはおかねがあります) — I have money. (Why: The basic possession structure where the possessor is the topic and the possessed item is marked with ""が"")
Medium: 今日は忙しいですから、時間がありません。(きょうはいそがしいですから、じかんがありません) — I don't have time today because I am busy. (Why: Expresses the negative state of possessing an abstract asset, ""time"", in a causal sentence)
Hard: 来週の日曜日に大切な用事があります。(らいしゅうのにちようびにたいせつなようじがあります) — I have an important errand next Sunday. (Why: Uses the possession construction for abstract obligations, integrating date nouns and い-adjectives)","Same あります as existence — just reframed. ""Near me, [thing] exists"" is Japanese's way of saying
""I have [thing]."" One verb, two readings.","Common mistake: marking the possessed item with を instead of が — possession with あります always
uses が, because grammatically the thing is treated as ""existing"" for the possessor (marked by は),
not as something being acted upon.",Analysis checklist #46 (jlpt_n5_flashcard_checklist.md)
What does 「は」mean?,"Topic marker: indicates what the sentence is about (pronounced ""wa"").","मी विद्यार्थी आहे (mī vidyārthī āhe) — I am a student. (Note the SOV structural parallel: the topic prefix is followed by the noun complement and ends with the verb copula, matching the Japanese pattern).","Easy: 私は学生です。(わたしはがくせいです) — I am a student. (Why: The particle marks the main topic of the sentence.)
Medium: 今日は天気がいいですね。(きょうはてんきがいいですね) — The weather is nice today, isn't it? (Why: The particle highlights today as the temporal topic.)
Hard: あの人は英語が上手ではありません。(あのひとはえいごがじょうずではありません) — That person is not good at English. (Why: The particle marks the person as the topic in a compound negative description.)","は (pronounced ""wa"") is like waving a flag: ""as for THIS topic..."" — setting the stage for what
comes next.","Common mistake: confusing は (topic — what we're talking ABOUT) with が (subject — WHO/WHAT
specifically does it). は sets the broad stage; が pinpoints the actor. Both can appear in the same
sentence doing different jobs.",Topics.md G001
What does 「が」mean?,Subject marker: indicates the specific subject that performs an action or exists.,"तिथे एक मांजर आहे — There is a cat there. (The subject of existence is expressed structurally at the start of the clause, mirroring the target of the Japanese particle).","Easy: 犬がいます。(いぬがいます) — There is a dog. (Why: The particle marks the specific animate subject that exists.)
Medium: このりんごが美味しいです。(このりんごがおいしいです) — This apple is delicious. (Why: The particle specifies this particular apple as the subject carrying the adjective.)
Hard: 私にはお姉さんが三人います。(わたしにはおねえさんがさんにんいます) — As for me, I have three older sisters. (Why: The particle marks the subject of possession/existence in a multi-clause sentence.)","が sounds sharp, like ""gah!"" — a pointing finger singling out exactly WHO or WHAT.","Common mistake: overusing が when は would sound more natural — が highlights specific or new
information (e.g. answering ""who?""), while は introduces an already-known topic. Reaching for が
everywhere makes speech sound oddly emphatic.",Topics.md G002
What does 「を」mean?,Object marker: indicates the direct object of a transitive verb.,"मी आंबा खातो — I eat a mango. (The direct object ""आंबा"" immediately precedes the verb ""खातो"", perfectly mirroring the Japanese SOV structure).","Easy: 水を飲みます。(みずをのみます) — I drink water. (Why: The particle marks the direct object of the verb.)
Medium: 毎日日本語を勉強します。(まいにちにほんごをべんきょうします) — I study Japanese every day. (Why: The particle marks the noun as the direct object of study.)
Hard: 教室で面白い本を読んでいます。(きょうしつでおもしろいほんをよんでいます) — I am reading an interesting book in the classroom. (Why: The particle marks the modified noun phrase as the object of the continuous verb.)",を looks like a little basket carrying the object right up to the verb.,"Common mistake: confusing を (the object marker, also pronounced ""o"") with お (the honorific prefix,
also ""o"") — they sound identical but never do the same job; を only ever marks a direct object.",Topics.md G003
What does 「に (time)」mean?,"At/on: marks a specific, numerical point in time when an action occurs.","मी सात वाजता उठतो — I wake up at 7 o'clock. (The time suffix ""ता"" (at) functions as a postposition, directly mirroring the Japanese temporal marker).","Easy: 七時に起きます。(しちじにおきます) — I wake up at 7 o'clock. (Why: The particle marks the specific numerical hour.)
Medium: 朝は六時半に家を出ます。(あさはろくじはんにいえをでます) — In the morning, I leave home at 6:30. (Why: The particle marks the exact temporal point of departure.)
Hard: 来週の日曜日に友達と海へ行きます。(らいしゅうのにちようびにともだちとうみへいきます) — Next week on Sunday, I will go to the sea with my friend. (Why: The particle marks the specific calendar day in a complex motion sentence.)","に pinpoints an exact dot on the clock — ""at THIS precise moment.""","Common mistake: adding に after relative time words like 今日/明日/毎日 (today, tomorrow, every day) —
those never take に (❌ 今日に行きます). Only specific/numbered times and days do (七時に, 月曜日に).",Topics.md G004
What does 「に (direction/target)」mean?,"To, toward, or at: indicates the destination of movement or the target/recipient of an action.","मी शाळेत जातो — I go to school. (The directional suffix ""त"" functions as a postposition, directly parallel to the Japanese movement marker).","Easy: 学校に行きます。(がっこうにいきます) — I go to school. (Why: The particle marks the target destination of the movement.)
Medium: 友達にプレゼントをあげました。(ともだちにプレゼントをあげました) — I gave a present to my friend. (Why: The particle marks the recipient of the active transaction.)
Hard: 部屋に入って、椅子に座ってください。(へやにはいって、いすにすわってください) — Please enter the room and sit on the chair. (Why: The particles mark the destination of entry and the physical target of contact respectively.)",に points like an arrow straight at a destination or at the person receiving something.,"Common mistake: mixing up this に (arrival point / target) with で (the place where an action itself
happens) — に is about WHERE you're headed or WHO receives something, not where the activity takes
place.",Topics.md G005
What does 「で (location of action)」mean?,"At, in: indicates the physical location where an active event or action takes place.","मी लायब्ररीमध्ये अभ्यास करतो — I study in the library. (The postposition ""मध्ये"" denotes the location of the action, showing structural parity with the Japanese event marker).","Easy: 図書館で勉強します。(としょかんでべんきょうします) — I study at the library. (Why: The particle marks the physical place where the active verb occurs.)
Medium: レストランで友達と晩ご飯を食べました。(レストランでともだちとばんごはんをたべました) — I ate dinner with my friend at a restaurant. (Why: The particle marks the restaurant as the active setting of the meal.)
Hard: 昨日は自分の部屋で日本語の手紙を書きました。(きのうはじぶんのへやでにほんごのてがみをかきました) — Yesterday, I wrote a Japanese letter in my room. (Why: The particle marks the private space as the location where the writing action occurred.)","で marks the ""stage"" where the action is actually being performed.","Common mistake: using に instead of で for action verbs (❌ 図書館に勉強します) — に is for
existence/destination (あります・います・行きます), while で is for verbs describing an activity
happening at a place.",Topics.md G006
What does 「で (means)」mean?,"By, with: indicates the tool, method, language, or means used to perform an action.","मी busने प्रवास करतो — I travel by bus. (The instrumental suffix ""ने"" indicates the means of transport, directly mirroring the Japanese tool marker).","Easy: バスで行きます。(バスでいきます) — I go by bus. (Why: The particle marks the vehicle as the means of transport.)
Medium: 日本語で話してください。(にほんごではなしてください) — Please speak in Japanese. (Why: The particle marks the language as the active medium of speech.)
Hard: 箸で美味しいご飯を食べましょう。(はしでおいしいごはんをたべましょう) — Let's eat delicious food with chopsticks. (Why: The particle marks the eating utensil as the physical tool of action.)","で as ""with/by"" — picture holding the tool (バス, 箸, 日本語) that carries you through the action.","Common mistake: not realizing this is the SAME で as ""location of action"" — one particle, two jobs
depending on whether it follows a place (where) or a tool/method/language (how).",Topics.md G007
What does 「と」mean?,"And, with: connects nouns in a complete list, or indicates a partner with whom an action is performed.","मी मित्रासोबत खेळतो — I play with my friend. (The associative postposition ""सोबत"" corresponds to the relational partner function of the Japanese particle).","Easy: 友達と会います。(ともだちとあいます) — I meet with my friend. (Why: The particle indicates the partner of the reciprocal action.)
Medium: 机の上に本とペンがあります。(つくえのうえにほんとペンがあります) — There are books and pens on the desk. (Why: The particle exhaustively connects two distinct objects.)
Hard: 来週の日曜日に家族と日本へ行きます。(らいしゅうのにちようびにかぞくとにほんへいきます) — Next week on Sunday, I will go to Japan with my family. (Why: The particle marks the family as the accompanying party of travel.)","と links two things together like a knot — ""A と B"" ties them into a pair.","Common mistake: using と for an incomplete list — と names an EXHAUSTIVE, complete list of exactly
the items given; for ""and other things,"" use や instead.",Topics.md G008
What does 「も」mean?,"Also, too: indicates that the marked item shares the same property as another, replacing the particles は or を.","मी पण भारतीय आहे — I am also Indian. (The word ""पण"" is the exact clitic for ""also"", showing a clear structural parallel with the Japanese additive marker).","Easy: 私も学生です。(わたしもがくせいです) — I am also a student. (Why: The particle replaces the topic marker to show shared identity.)
Medium: 日本語も英語も難しいです。(にほんごもえいごもむずかしいです) — Both Japanese and English are difficult. (Why: Using the particle twice creates a correlative structure meaning ""both... and..."".)
Hard: 鈴木さんは昨日来ませんでした。今日も来ないでしょう。(すずきさんはきのうきませんでした。きょうもこないでしょう) — Mr. Suzuki didn't come yesterday. He probably won't come today either. (Why: The particle highlights that today shares the same negative outcome as yesterday.)","も sounds like ""mo-re of the same"" — signals ""this one too.""","Common mistake: keeping は or を alongside も (❌ 私はも学生です) — も REPLACES は/が/を entirely, it
never stacks with them.",Topics.md G009
What does 「の (possessive)」mean?,"Possessive marker: links nouns to show ownership, relationship, or location.","हा माझ्या मित्राचा पेन आहे — This is my friend's pen. (The suffix ""चा"" represents the genitive/possessive marker, exactly matching the noun-linking structure of the Japanese particle).","Easy: これは私のペンです。(これはわたしのペンです) — This is my pen. (Why: The particle connects the possessor to the possessed item.)
Medium: あれは日本の自動車ですか。(あれはにほんのじどうしゃですか) — Is that a Japanese car? (Why: The particle connects the country of origin to the product noun.)
Hard: 駅の近くに大きい本屋があります。(えきのちかくにおおきいほんやがあります) — There is a large bookstore near the station. (Why: The first particle shows a spatial relationship between the train terminal and its vicinity.)","の glues two nouns together — ""A の B"" = ""A's B.""","Common mistake: not realizing の can chain multiple times in one phrase (駅の近くの本屋 = ""the
bookstore near the station"") — each の just links the next noun back to the previous one.",Topics.md G010
What does 「の (nominalizer)」mean?,Noun substitute: turns a verb phrase or adjective phrase into a noun clause.,मला गाणे गाणे आवडते — I like singing songs. (The nominalized gerund verb form functions like the Japanese grammatical nominalizer to express a preference for an action).,"Easy: 泳ぐのが好きです。(およぐのがすきです) — I like swimming. (Why: The particle converts the dictionary verb into a noun phrase compatible with direct description.)
Medium: 日本語を話すのは面白いです。(にほんごをはなすのはおもしろいです) — Speaking Japanese is interesting. (Why: The particle turns the action phrase into the main topic of evaluation.)
Hard: 朝早く起きるのは体にいいです。(あさはやくおきるのはからだにいいです) — Waking up early in the morning is good for the body. (Why: The particle nominalizes the complex verb clause to assess its physical benefit.)","の here works like English ""-ing"" — turning an action into a ""thing"" you can talk about (泳ぐ = swim
→ 泳ぐの = swimming, the activity).","Common mistake: confusing this の with the possessive の from card 10 — context tells them apart:
after a FULL verb/adjective clause (泳ぐの), it's the nominalizer; directly between two nouns (私の
本), it's possessive.",Topics.md G011
What does 「へ」mean?,"Toward: indicates the direction of movement toward a destination (pronounced ""e"").","मी पुण्याच्या दिशेने निघालो — I headed in the direction of Pune. (The postpositional phrase ""च्या दिशेने"" emphasizes the direction of journey, matching the primary function of the Japanese particle).","Easy: 日本へ行きます。(にほんへいきます) — I am going to Japan. (Why: The particle emphasizes the direction of travel toward the country.)
Medium: 毎朝駅へ歩いて行きます。(まいあさえきへあるいていきます) — Every morning I walk toward the station. (Why: The particle marks the spatial target of the pedestrian action.)
Hard: 友達は国へ帰って、お母さんに会います。(ともだちはくにへかえって、おかあさんにあいます) — My friend will return to their country and meet their mother. (Why: The particle indicates the physical homeland direction of departure in a multi-clause sentence.)","へ (pronounced ""e"") points like an arrow toward a broad direction — a journey, not a pinpoint.","Common mistake: assuming へ and に (direction) are never interchangeable — for simple destination
movement verbs (行きます・来ます・帰ります) they're often interchangeable at N5 level; へ leans toward
the direction/journey, に leans toward the precise arrival point.",Topics.md G012
What does 「や」mean?,"And: links nouns to form an incomplete, non-exhaustive list, implying ""and other things.""","मी सफरचंद आणि इतर फळे आणली — I brought apples and other fruits. (The concept of indicating representative items while implying others is expressed structurally, mirroring the Japanese listing particle).","Easy: りんごやバナナを買いました。(りんごやバナナをかいました) — I bought apples and bananas (among other things). (Why: The particle implies that other items were purchased alongside the named fruits.)
Medium: カバンの中に本やペンなどがあります。(カバンのなかにほんやペンなどがあります) — There are things like books and pens in the bag. (Why: The particle is paired with another term to form a classic non-exhaustive collection.)
Hard: デパートでシャツや靴を買いたいです。(デパートでシャツやくつをかいたいです) — I want to buy shirts, shoes, and other things at the department store. (Why: The particle coordinates a representative list of targeted items of desire.)","や leaves the list ""open"" — like saying ""apples, bananas, and stuff like that.""","Common mistake: reaching for や when the list actually IS complete — use と for a closed, exhaustive
list. や is often paired with など (""etc."") to make the open-endedness extra clear.",Topics.md G013
What does 「から」mean?,"From: indicates the starting point in time, space, or a source.","मी घरून निघालो — I started from home. (The ablative suffix ""ून"" indicates the point of origin, showing absolute equivalence with the Japanese starting marker).","Easy: 九時から勉強します。(くじからべんきょうします) — I study from 9 o'clock. (Why: The particle marks the chronological starting point.)
Medium: ここから駅まで歩いて十分です。(ここからえきまであるいてじっぷんです) — It takes ten minutes to walk from here to the station. (Why: The particle marks the physical point of departure.)
Hard: 友達から面白い辞書をもらいました。(ともだちからおもしろいじしょをもらいました) — I received an interesting dictionary from my friend. (Why: The particle marks the personal source from whom the item was obtained.)","から = ""from"" — like a starting gun firing ""kara!"" at the start line of a race.","Common mistake: confusing this から (starting point) with the OTHER から that means ""because"" — same
word, two different jobs: after a noun/time it's ""from,"" after a full clause (usually ending in
です/ます) it's ""because.""",Topics.md G014
What does 「まで」mean?,"Until, to: indicates the ending point in time, space, or a physical limit.","मी पाच वाजेपर्यंत थांबेन — I will wait until 5 o'clock. (The temporal postposition ""पर्यंत"" perfectly matches the boundary limit function of the Japanese particle).","Easy: 五時まで働きます。(ごじまではたらきます) — I will work until 5 o'clock. (Why: The particle marks the chronological endpoint of labor.)
Medium: 東京駅から大阪駅まで何時間かかりますか。(とうきょうえきからおおさかえきまでなんじかんかかりますか) — How many hours does it take from Tokyo Station to Osaka Station? (Why: The particle indicates the physical terminus of the route.)
Hard: 晩ご飯の時間はいつも八時までです。(ばんごはんのじかんはいつもはちじまでです) — Dinner time is always up until 8 o'clock. (Why: The particle defines the absolute temporal boundary of the meal.)","まで pairs naturally with から: ""から...まで"" = ""from...to,"" the two bookends of a range.","Common mistake: using plain まで when meaning a strict deadline (""by"") — for a hard deadline, までに
is used instead of plain まで (a finer nuance beyond N5, but worth flagging early to avoid confusion).",Topics.md G015
What does 「か」mean?,Question particle: placed at the end of a clause to turn a statement into a question or represent alternatives.,"तू आज जाणार आहेस का? — Are you going today? (The polar question clitic ""का"" is appended sentence-finally, mirroring the structural mechanics of the Japanese interrogative particle).","Easy: あなたは学生ですか。(あなたはがくせいですか) — Are you a student? (Why: The particle turns the basic polite nominal sentence into a direct question.)
Medium: コーヒーかお茶を飲みましょう。(コーヒーかおちゃをのみましょう) — Let's drink coffee or tea. (Why: The particle connects two nouns to offer them as distinct options.)
Hard: 来週の月曜日にテストがあるかどうか分かりません。(らいしゅうのげつようびにテストがあるかどうかわかりません) — I don't know whether there is a test next Monday or not. (Why: The particle forms a double interrogative pattern to represent uncertainty.)",か curls up like a little question-mark hook at the very end of the sentence.,"Common mistake: adding a written ""?"" on top of か — か alone does the job in Japanese (the question
mark is optional/informal). Also remember か between two nouns (AかB) means ""A or B"" — a second
common function worth keeping straight from the sentence-ending one.",Topics.md G016
What does 「~ませんか」mean?,Won't you...? / Would you like to...? (a polite invitation).,तू माझ्यासोबत चहा पिणार नाहीस का? — Won't you drink tea with me?. Both languages politely invite someone using a negative verb question at the terminal sentence position.,"Easy: 一緒に京都へ行きませんか。 (いっしょにきょうとへいきませんか) — Won't you go to Kyoto with me? (Why: Formed by changing the ます form verb to ませんか to make a polite invitation.)
Medium: 今日、一緒に昼ご飯を食べませんか。 (きょう、いっしょにひるごはんをたべませんか) — Would you like to eat lunch together today? (Why: Time adverb and object are added before the invitation verb.)
Hard: 日曜日に図書館で一緒に勉強しませんか。 (にちようびにとしょかんでいっしょにべんきょうしませんか) — Won't you study together with me at the library on Sunday? (Why: Combines a specific day, place of action, and compound verb for a complex invitation.)","ませんか = ません (won't) + か (question) — literally ""won't you...?"" — a gentle, indirect invite made
by asking the negative.","Common mistake: confusing ませんか (inviting: ""won't you join me?"") with ましょうか (offering: ""shall I
do this for you?""). ませんか invites the listener to do something WITH you; ましょうか offers to do
something FOR them.",Analysis checklist #50 (jlpt_n5_flashcard_checklist.md)
What does 「~ましょう」mean?,Let's (do something) (used to enthusiastically suggest or agree to a joint action).,"आपण अभ्यास करूया! — Let's study!. The Marathi suffix ""-ऊया"" (-uya) attached to the verb stem is the exact functional equivalent of the Japanese ""~ましょう"" to express collective intent.","Easy: 休みましょう。 (やすみましょう) — Let's take a break. (Why: Volitional polite form 〜ましょう replaces 〜ます to propose a shared action.)
Medium: 駅で友達に会いましょう。 (えきでともだちにあいましょう) — Let's meet our friend at the station. (Why: Introduces place particle で and target particle に with the volitional verb.)
Hard: 宿題が終わりましたから、一緒に帰りましょう。 (しゅくだいがおわりましたから、いっしょにかえりましょう) — Since homework is finished, let's go home together. (Why: Includes a reason clause ending in から followed by the team suggestion.)","ましょう sounds like ""let's-show"" — as in, ""let's show up and do it together!""","Common mistake: using ましょう to state your own solo plan (that's たいです or つもりです instead) —
ましょう specifically proposes a SHARED action, implying ""you too, let's.""",Analysis checklist #51 (jlpt_n5_flashcard_checklist.md)
What does 「~ましょうか」mean?,Shall I / Shall we? (used to offer help or suggest an action to see if the other person agrees).,"मी तुला मदत करू का? — Shall I help you?. Adding the question particle ""का"" to the Marathi volitional verb form mirrors how ""か"" turns the joint suggestion ""~ましょう"" into a cooperative offer.","Easy: 窓を開けましょうか。 (まどをあけましょうか) — Shall I open the window? (Why: Verb stem + ましょうか offers a helpful action to the listener.)
Medium: 重い荷物を持ちましょうか。 (おもいにもつをもちましょうか) — Shall I carry your heavy baggage? (Why: Tests the helper usage with a modified noun object.)
Hard: 暑いですから、エアコンをつけましょうか。 (あついですから、エアコンをつけましょうか) — Since it is hot, shall I turn on the air conditioner? (Why: Joins an adjective-based reason clause with a polite offer of assistance.)","Same ましょう (let's) + か (question) = ""shall we...?"" — but in practice it's usually ""shall I do this
for you?""","Common mistake: mixing up ましょうか (offering help) with ませんか (inviting company) — ましょうか
centers on the SPEAKER doing something for the listener, not both doing something together.",Analysis checklist #52 (jlpt_n5_flashcard_checklist.md)
What does 「~てください」mean?,Please do (a polite request or mild instruction).,कृपया येथे बसा. — Please sit here. Both languages place the polite request marker at the very end of the verb terminal position in their SOV syntax.,"Easy: ここに書いてください。 (ここにかいてください) — Please write here. (Why: Combines the verb's て-form with ください to formulate a polite instruction.)
Medium: この漢字を読んでください。 (このかんじをよんでください) — Please read this kanji. (Why: Applies a demonstrative adjective and direct object before the request verb.)
Hard: 辞書を使ってもいいですから、この紙に名前を書いてください。 (じしょをつかってもいいですから、このかみになまえをかいてください) — Since you may use a dictionary, please write your name on this paper. (Why: Chains a permission clause as a reason to a final polite instruction.)","て-form + ください (""please give me"") — literally asking someone to ""give"" you the action.","Common mistake: attaching ください straight onto the dictionary form (❌ 書くください) — it must follow
the て-form (書いてください). Also note てください is a fairly direct request; it's fine for
teachers/service contexts but can sound blunt to a superior in more formal settings.",Analysis checklist #53 (jlpt_n5_flashcard_checklist.md)
What does 「~ないでください」mean?,Please don't (do something) (a polite request not to perform an action).,"कृपया काळजी करू नका. — Please do not worry. The Marathi prohibitive ""नका"" (naka) placed after the verb stem directly mirrors the terminal position of ""~ないでください"".","Easy: 写真を撮らないでください。 (しゃしんをとらないでください) — Please don't take photos. (Why: Formed by taking the negative ない-form of the verb and attaching でください.)
Medium: 私を忘れないでください。 (わたしをわすれないでください) — Please do not forget me. (Why: Uses the direct object marker を with the negative polite request verb.)
Hard: ここは図書館ですから、大きな声で話さないでください。 (ここはとしょかんですから、おおきなこえではなさないでください) — Since this is a library, please do not speak in a loud voice. (Why: Integrates a copula reason clause with a negative request modified by an adverbial phrase.)","ない (not) + でください (please) — ""please, in the state of not doing this.""","Common mistake: attaching ないでください to the ます-form (❌ 撮りますないでください) — it always follows
the plain ない-form of the verb (撮る → 撮らない → 撮らないでください).",Analysis checklist #54 (jlpt_n5_flashcard_checklist.md)
What does 「~前に」mean?,Before doing a verb (dictionary form + 前に) or before a noun (noun + の前に).,जेवण्यापूर्वी हात धुवा — Wash hands before eating. The Japanese verb dictionary form + 前に (mae ni) structurally parallels the Marathi verbal suffix '-ण्यापूर्वी' (nyapurvi).,"Easy: 寝る前に本を読みます。(ねる まえに ほんを よみます。) — I read a book before sleeping. (Why: The dictionary verb 寝る is attached to 前に to mark the prior event.)
Medium: 食事の前に手を洗ってください。(しょくじの まえに てを あらってください。) — Please wash your hands before meals. (Why: Shows noun + の前に pattern combined with a polite request.)
Hard: 日本へ来る前に日本語を勉強しました。(にほんへ くる まえに にほんごを べんきょうしました。) — I studied Japanese before coming to Japan. (Why: Expresses a past action done prior to a destination-based motion verb.)","前 means ""front/before"" — literally ""in front of [the verb happening].""","Common mistake: using the past-tense verb before 前に (❌ 寝た前に) — 前に always takes the DICTIONARY
form of the verb, even inside an otherwise past-tense sentence, since 前に itself expresses ""before,""
not tense.",Analysis checklist #56 (jlpt_n5_flashcard_checklist.md)
What does 「~後で」mean?,After doing a verb (past plain た-form + 後で) or after a noun (noun + の後で).,जेवल्यानंतर औषध घ्या — Take medicine after eating. The past tense verb + 後で (ato de) structurally aligns with the Marathi verb participle ending in '-ल्यानंतर' (lyananatar).,"Easy: ご飯を食べた後で薬を飲みます。(ごはんを たべた あとで くすりを のみます。) — I take medicine after eating a meal. (Why: The past plain た-form of 食べる is connected to 後で.)
Medium: 仕事の後で飲みに行きましょう。(しごとの あとで のみに いきましょう。) — Let's go for a drink after work. (Why: Demonstrates noun + の後で linked with a cooperative volitional invitation.)
Hard: 映画を見た後で友達とお茶を飲みました。(えいがを みた あとで ともだちと おちゃを のみました。) — After watching the movie, I drank tea with my friend. (Why: Integrates past action sequence with particle と for companion action.)","後 means ""after/behind,"" で adds ""at that point"" — ""at the point after [X].""","Common mistake: using the dictionary form before 後で (❌ 食べる後で) — unlike 前に, 後で requires the
PAST-plain (た-form) of the verb, since the first action must already be completed.",Analysis checklist #57 (jlpt_n5_flashcard_checklist.md)
What does 「~とき」mean?,When... / At the time of... (used to connect two clauses indicating time of occurrence).,"मी लहान असताना खेळायचो — When I was a child, I used to play. The Japanese noun/verb modification before とき (toki) directly matches the Marathi clause-ending '-तेव्हा' (tevha) or 'वेळी' (veli).","Easy: 暇なときテレビを見ます。(ひまな とき てれびを みます。) — I watch TV when I am free. (Why: Shows a な-adjective modifying とき directly.)
Medium: 図書館で本を借りるときカードが要ります。(としょかんで ほんを かりるとき かーどが いります。) — You need a card when borrowing books from the library. (Why: Uses verb dictionary form to define a situational requirement clause.)
Hard: 子どものときよく川で泳ぎました。(こどもの とき よく かわで およぎました。) — When I was a child, I swam in the river often. (Why: Illustrates noun + のとき with a past frequency narrative.)","とき literally means ""time"" — ""verb/adjective + とき"" = ""at the time when [X].""","Common mistake: mismatching tense inside the とき clause — the verb's tense before とき matters:
食べるとき = ""when [about to] eat,"" 食べたとき = ""when [already] ate/after eating."" Mixing these up is
a very common N5 slip.",Analysis checklist #58 (jlpt_n5_flashcard_checklist.md)
"What does 「~から (because, conjunction)」mean?",Because / Since (placed at the end of the reason clause to explain cause and effect).,"पाऊस पडत आहे म्हणून मी जाणार नाही — It is raining, so I will not go. The Japanese reason clause ending in から (kara) maps closely to the Marathi logical connector 'म्हणून' (mhanun).","Easy: 暑いから窓を開けます。(あついから まどを あけます。) — I will open the window because it is hot. (Why: Connects a simple い-adjective description as the cause.)
Medium: 時間がありませんからタクシーで行きます。(じかんが ありませんから たくしーで いきます。) — I will go by taxi because I do not have time. (Why: Uses a polite negative verb phrase as the reason before a means of transport.)
Hard: 明日試験がありますから今晩勉強しなければなりません。(あした しけんが ありますから こんばん べんきょう しなければ なりません。) — Because I have an exam tomorrow, I must study tonight. (Why: Links an existential reason with a high-level obligation construct.)","から attaches right after the reason, like a signpost saying ""because of THIS.""","Common mistake: confusing this から (reason) with the OTHER から meaning ""from"" (starting point) —
after a full clause (usually ending です/ます) it means ""because""; after a noun/time, it means ""from.""",Analysis checklist #59 (jlpt_n5_flashcard_checklist.md)
What does 「一つ、二つ…」mean?,"The universal, native Japanese counter system used for counting general 3D items from one to ten.","मला एक आंबा द्या — Give me one mango. Unlike Marathi which uses cardinal numbers directly, Japanese requires native numerical counters for physical items.","Easy: りんごを一つください。(りんごを ひとつ ください。) — One apple, please. (Why: Demonstrates standard general counter placement following the noun.)
Medium: みかんを三つと卵を四つ買いました。(みかんを みっつと たまごを よっつ かいました。) — I bought three mandarins and four eggs. (Why: Coordinates multiple general counts using linking particles.)
Hard: このテーブルに椅子がいくつありますか。(この てーぶるに いすが いくつ ありますか。) — How many chairs are there at this table? (Why: Tests the interrogative counterpart 'いくつ' in an existential setting.)","The つ-counter series follows the old native number rhythm (ひとつ、ふたつ、みっつ、よっつ…) — sing it
like a nursery-rhyme count, since it only goes up to とお (10).","Common mistake: trying to use the regular numbers (いち、に、さん) directly with つ (❌ いちつ) — the
つ-counter series has its own irregular readings that must be memorized separately from standard
number readings.",Analysis checklist #60 (jlpt_n5_flashcard_checklist.md)
What does 「人 counter (~人)」mean?,"The counter suffix used for counting people (notably 1 person is ひとり, 2 people is ふたり, and 3+ is ~にん).",वर्गात पाच विद्यार्थी आहेत — There are five students in the classroom. The counter suffix 人 (~nin) acts like a noun classifier following the number.,"Easy: 教室に学生が五人います。(きょうしつに がくせいが ごにん います。) — There are five students in the classroom. (Why: Displays people counter placement in an existential sentence with います.)
Medium: 私の家族は三人です。(わたしの かぞくは さんにん です。) — There are three people in my family. (Why: Defines a collective count using the polite copula.)
Hard: 昨日一人で映画館へ行きました。(きのう ひとりで えいがかんへ いきました。) — I went to the movie theater alone yesterday. (Why: Shows the irregular single person counter form '一人で' acting adverbially.)","1 and 2 are special (ひとり, ふたり); everything from 3 onward just adds にん (さんにん, よにん…) —
""the first two break the rule, the rest follow it.""","Common mistake: saying いちにん/ににん for 1/2 people instead of the irregular ひとり/ふたり — these two
exceptions are among the most tested N5 counter forms.",Analysis checklist #61 (jlpt_n5_flashcard_checklist.md)
What does 「匹/頭 counter (animals)」mean?,"Counters for animals: ~匹 (ひき) is for small animals/fish/insects, while ~頭 (とう) is for large animals like cows/horses.",माझ्याकडे दोन कुत्रे आहेत — I have two dogs. Japanese distinguishes counts based on animal size using distinct suffixes.,"Easy: 犬が一匹います。(いぬが いっぴき います。) — There is one dog. (Why: Shows animal counter with phonetic change 'いっぴき' for one small animal.)
Medium: 池に魚が三匹泳いでいます。(いけに さかなが さんびき およいでいます。) — Three fish are swimming in the pond. (Why: Illustrates plural small animal counts with progressive verb action.)
Hard: あの動物園にはゾウが二頭います。(あの どうぶつえんには ぞうが にとう います。) — There are two elephants in that zoo. (Why: Tests the large animal counter '頭' for elephants.)","匹 (small, scurrying — ""hiki"") vs 頭 (big — ""tou,"" think ""tall,"" for elephants and cows).","Common mistake: forgetting 匹's irregular sound shifts with certain numbers (一匹=いっぴき, 三匹=さんびき,
六匹=ろっぴき) — these gemination/rendaku changes don't follow a simple rule and need direct
memorization per number.",Analysis checklist #62 (jlpt_n5_flashcard_checklist.md)
What does 「枚 counter (flat objects)」mean?,"The counter suffix ~枚 (まい) used for thin, flat objects like paper, plates, stamps, or shirts.","दोन तिकीट द्या — Give two tickets. Japanese groups flat, two-dimensional items under the classifier suffix.","Easy: 切手を二枚買いました。(きってを にまい かいました。) — I bought two stamps. (Why: Basic usage of flat object counter with the object marker を.)
Medium: お皿を五枚洗ってください。(おさらを ごまい あらってください。) — Please wash five plates. (Why: Combines a flat domestic object with a polite verb request.)
Hard: シャツが何枚ありますか。(しゃつが なんまい ありますか。) — How many shirts do you have? (Why: Formulates a question about flat items using '何枚'.)","枚 (まい) is for anything flat, like a ""sheet"" — paper, plates, stamps, shirts.","Common mistake: reaching for つ or 個 for flat objects instead of 枚 — flatness is the deciding factor,
which is why even a (not-so-thin) plate still takes 枚 rather than a generic counter.",Analysis checklist #63 (jlpt_n5_flashcard_checklist.md)
What does 「ぐらい/くらい」mean?,"Approximately / About (placed immediately after quantities, numbers, or time periods).",मी येथे दोन तास थांबलो — I stayed here for about two hours. The post-positional 'ぐらい' (gurai) matches Marathi approximate indicators placed near counts.,"Easy: 三十万円ぐらいのパソコンを買いました。(さんじゅうまんえん ぐらいの ぱそこんを かいました。) — I bought a computer worth about 300,000 yen. (Why: Connects approximate price to a noun using の.)
Medium: 毎日一時間半くらい走ります。(まいにち いちじかんはん くらい はしります。) — I run for about one and a half hours every day. (Why: Expresses approximate temporal duration with an active verb.)
Hard: うちから駅まで歩いて十分ぐらいかかります。(うちから えきまで あるいて じゅっぷん ぐらい かかります。) — It takes about ten minutes to walk from my home to the station. (Why: Integrates space boundaries, means, and approximate transit time.)","ぐらい softens a number like adding ""-ish"" in English — ""10分ぐらい"" = ""10 minutes-ish.""","Common mistake: using ごろ instead of ぐらい/くらい — ごろ is for an approximate POINT in time (7時ごろ
= ""around 7 o'clock""), while ぐらい/くらい is for an approximate AMOUNT or DURATION (7時間ぐらい =
""about 7 hours""). Mixing these two up is a classic N5 error.",Analysis checklist #64 (jlpt_n5_flashcard_checklist.md)
What does 「だけ」mean?,Only / Just (placed after nouns or counts to specify exclusivity in affirmative sentences).,"मी फक्त पाणी पिणार — I will drink only water. Both systems place focus on the limited noun, though Marathi 'फक्त' typically precedes while 'だけ' follows the noun.","Easy: 水だけ飲みます。(みずだけ のみます。) — I drink only water. (Why: Emphasizes a singular noun choice in the affirmative.)
Medium: 五分だけ待ってください。(ごふんだけ まってください。) — Please wait for just five minutes. (Why: Restricts a request to a small, specific time limit.)
Hard: 私はひらがなだけ書くことができます。(わたしは ひらがなだけ かく ことができます。) — I can write only hiragana. (Why: Combines the restrictive marker with the dictionary potential pattern.)","だけ sits right after the thing being limited, like slapping an ""only-this"" sticker on it.","Common mistake: confusing だけ (only — neutral, works fine in affirmative sentences) with しか~ない
(only — implies ""sadly just this much,"" always needs a negative verb). だけ doesn't require
negation; しか does.",Analysis checklist #65 (jlpt_n5_flashcard_checklist.md)
What does 「しか~ない」mean?,Only / Nothing but (requires a negative verb at the end; implies the limit is disappointingly small).,माझ्याकडे फक्त दहा रुपये आहेत (माझ्याकडे दहा रुपयांशिवाय काही नाही) — I have nothing but ten rupees. The negative ending matches the Marathi restrictive-negative construct.,"Easy: 財布に千円しかありません。(さいふに せんえんしか ありません。) — I have only 1,000 yen in my wallet. (Why: Restricts existence to a low count using a negative verb.)
Medium: ひらがなしか書けません。(ひらがなしか かけません。) — I can write nothing but hiragana. (Why: Shows limitation paired with a potential verb ending in the negative.)
Hard: 日曜日しか休むことができません。(にちようびしか やすむ ことが できません。) — I can only rest on Sundays. (Why: Couples the strict limitation particle with a negated capability phrase.)",しか always needs its negative partner ない — think of them as a matched pair that can never separate.,"Common mistake: forgetting the mandatory negative ending — しか literally cannot appear in an
affirmative sentence (❌ 千円しかあります); it must always end negative (千円しかありません), even
though the overall feel of the sentence isn't really ""negative"" in tone.",Analysis checklist #66 (jlpt_n5_flashcard_checklist.md)
What does 「そして」mean?,And / And then (used at the beginning of a sentence to add more information or chronological steps).,"तो अभ्यास करतो आणि नंतर खेळतो — He studies and then plays. Both use sequential linkers, but '그리고' or 'आणि' starts clauses naturally.","Easy: 京都へ行きました。そして、写真を撮りました。(きょうとへ いきました。そして、しゃしんを とりました。) — I went to Kyoto. And then, I took pictures. (Why: Links two sequentially completed historical actions.)
Medium: 彼女は親切です。そして、きれいです。(かのじょは しんせつです。そして、きれいです。) — She is kind. And also, she is beautiful. (Why: Connects two positive descriptive adjective sentences.)
Hard: 図書館で本を読みました。そして、六時にうちへ帰りました。(としょかんで ほんを よみました。そして、ろくじに うちへ かえりました。) — I read a book at the library. And then, I returned home at six. (Why: Links past narrative segments involving local actions and spatial shifts.)","そして starts a brand-new sentence, bridging the previous idea to what comes next.","Common mistake: overusing そして to link every single sentence in a row — natural Japanese uses it
sparingly, often preferring て-form verb chaining or just context for closely related actions.",Analysis checklist #67 (jlpt_n5_flashcard_checklist.md)
What does 「それから」mean?,After that / Next / In addition (conjunction used to list subsequent actions or items).,"मी जेवलो, त्यानंतर झोपलो — I ate, after that I slept. Matches the Marathi chronological connector 'त्यानंतर' (tyananatar).","Easy: 宿題をします。それから、テレビを見ます。(しゅくだいを します。それから、てれびを みます。) — I will do homework. After that, I will watch TV. (Why: Connects two planned future events in sequence.)
Medium: スーパーで肉を買いました。それから、卵も買いました。(すーぱーで にくを かいました。それから、たまごも かいました。) — I bought meat at the supermarket. In addition, I bought eggs too. (Why: Joins a past purchasing sequence emphasizing additive noun listings with も.)
Hard: 朝ご飯を食べました。それから、歯を磨いて学校へ行きました。(あさごはんを たべました。それから、はを みがいて がっこうへ いきました。) — I ate breakfast. After that, I brushed my teeth and went to school. (Why: Joins a multi-action compound sentence with a sequential conjunction.)","それ (that) + から (from) = ""from that point"" — i.e., ""after that.""","Common mistake: treating そして and それから as fully interchangeable — それから more strongly implies
a following STEP or additional item in a sequence, while そして is a more general, looser connective.",Analysis checklist #68 (jlpt_n5_flashcard_checklist.md)
What does 「でも」mean?,But / However (used at the beginning of a sentence to introduce a contrast).,तो हुशार आहे पण आळशी आहे — He is smart but lazy. The contrastive sentence opener corresponds directly to the Marathi 'पण' (pan) or 'परंतु' (parantu).,"Easy: 日本語は難しいです。でも、おもしろいです。(にほんごは むずかしいです。でも、おもしろいです。) — Japanese is difficult. But, it is interesting. (Why: Contrasts two opposing adjective sentences.)
Medium: 旅行に行きたいです。でも、お金がありません。(りょこうに いきたいです。でも、おかねが ありません。) — I want to go on a trip. However, I don't have money. (Why: Contrasts a personal desire sentence with a practical constraint.)
Hard: 新しい携帯電話を買いました。でも、使い方がよく分かりません。(あたらしい けいたいでんわを かいました。でも、つかいかたが よく わかりません。) — I bought a new cell phone. But, I don't know how to use it well. (Why: Contrasts a purchase action with a lack of procedural knowledge.)","でも starts a new sentence with a ""but wait..."" tone, flipping the previous idea.","Common mistake: confusing sentence-starting でも (but/however) with the も-derived ""even"" meaning
attached to a noun (誰でも = ""anyone,"" 何でも = ""anything"") — the position (sentence start vs.
attached to a word) tells the two uses apart.",Analysis checklist #69 (jlpt_n5_flashcard_checklist.md)
"What does 「が (but, sentence-connecting)」mean?",But / Although (used as a mid-sentence particle to join two contrasting clauses).,मी अभ्यास केला पण गुण मिळाले नाहीत — I studied but didn't get marks. The mid-clause contrastive 'が' mirrors the Marathi coordinating conjunction 'पण' (pan).,"Easy: この辞書は古いですが、いいです。(この じしょは ふるいですが、いいです。) — This dictionary is old, but it is good. (Why: Joins two contrasting い-adjectives inside one sentence.)
Medium: 寿司を食べたいですが、お金がありません。(すしを たべたいですが、おまねが ありません。) — I want to eat sushi, but I don't have money. (Why: Combines a desire state with a limiting financial state.)
Hard: 漢字の勉強は大変ですが、とても楽しいです。(かんじの べんきょうは たいへんですが、とても たのしいです。) — Studying kanji is hard, but it is very fun. (Why: Contrasts a な-adjective status clause with an active adjective outcome.)","Mid-sentence が acts as a soft ""...but"" hinge connecting two contrasting halves of ONE sentence.","Common mistake: confusing this が with the subject-marking が (particle card 2) — this one always
comes right after a full clause ending in です/ます, never directly after a bare noun, so the
position gives it away.",Analysis checklist #70 (jlpt_n5_flashcard_checklist.md)
"What does 「から (so, conjunction)」mean?",So / Therefore (placed mid-sentence after a reason clause to trigger a logical consequence).,मला उशीर झाला म्हणून मी धावलो — I got late so I ran. The logical flow from reason (ending in から) to result matches the Marathi connector 'म्हणून' (mhanun).,"Easy: 寒いから窓を閉めます。(さむいから まどを しめます。) — It is cold, so I will close the window. (Why: Shows physical condition causing a logical action.)
Medium: バスが来ませんでしたから遅れました。(ばすが きませんでしたから おくれました。) — The bus did not come, so I was late. (Why: Connects a past negative verbal event to a past consequence.)
Hard: 日曜日ですからデパートは人が多いでしょう。(にちようびですから でぱーとは ひとが おおいでしょう。) — Since it is Sunday, the department store will probably be crowded. (Why: Links a noun reason to a probabilistic outcome.)","[Reason]から、[Result] — the reason always leads, から is the hinge, the result follows.","Common mistake: putting the result before the reason out of habit from English (""I was late because
..."") — Japanese word order always states the reason clause FIRST, ending in から, before the result.",Analysis checklist #71 (jlpt_n5_flashcard_checklist.md)
What does 「~でしょう」mean?,"Probably / I guess (expresses polite probability, prediction, or conjecture about an event).",आज कदाचित पाऊस पडेल — It will probably rain today. Matches the speculative verb forms in Marathi expressing probability.,"Easy: 明日は晴れでしょう。(あしたは はれでしょう。) — Tomorrow will probably be sunny. (Why: Predicts weather politely using a noun ending.)
Medium: あの映画はきっとおもしろいでしょう。(あの えいがは きっと おもしろいでしょう。) — That movie will surely be interesting. (Why: Combines the probabilistic ending with an い-adjective and adverb きっと.)
Hard: 今晩は忙しいですから友達は来ないでしょう。(こんばんは いそがしいですから ともだちは こないでしょう。) — Since my friend is busy tonight, they probably will not come. (Why: Conjoins an adjective reason clause to a negative probabilistic outcome.)","でしょう softens です into a guess — ""probably-desu.""","Common mistake: using でしょう for something the speaker is actually certain about — it specifically
signals uncertainty or prediction; for known facts, plain です/ます is more natural.",Analysis checklist #72 (jlpt_n5_flashcard_checklist.md)
What does 「~でしょうか」mean?,"I wonder if... / Could you tell me...? (a very polite, indirect question form).","मला ती मदत करेल का? — I wonder if she will help me?. The indirect, soft questioning tone aligns with using 'का?' softly on potential situations.","Easy: これはだれの本でしょうか。(これは だれの ほんでしょうか。) — I wonder whose book this is. (Why: Softens a basic possessive question using でしょうか.)
Medium: 明日、雨が降るでしょうか。(あした、あめが ふるでしょうか。) — Do you think it will rain tomorrow? (Why: Expresses polite inquiry about a natural future event.)
Hard: この近くに郵便局があるでしょうか。(この ちかくに ゆうびんきょくが あるでしょうか。) — I wonder if there is a post office nearby? (Why: Asks softly about local existence of services.)","でしょう (probably) + か (question) = ""I wonder...?"" — a softer, more polite way of asking indirectly.","Common mistake: using でしょうか as a blunt direct question — it's meant for SOFT, indirect wondering,
more polite than plain ですか, and often used when unsure or being extra courteous (e.g. asking a
stranger for directions).",Analysis checklist #73 (jlpt_n5_flashcard_checklist.md)
What does 「~んです」mean?,"Explanatory tone / used to emphasize a reason, ask for an explanation, or show deep interest.",मला खरोखरच तिथे जायचे आहे — I really want to go there. The explanatory '~んです' acts like adding an emphasizing tone to explain situations.,"Easy: どうしたんですか。(どうしたんですか。) — What happened? / What's the matter? (Why: Standard explanatory question used to ask for the background of a situation.)
Medium: 頭が痛いんです。(あたまが いたいんです。) — (You see,) my head hurts. (Why: Provides an internal, felt physical reason as an explanation.)
Hard: 旅行に行きたいんですが、どうすればいいですか。(りょこうに いきたいんですが、どうすれば いいですか。) — I'd like to go on a trip, but what should I do? (Why: Employs explanatory 'んです' to set the stage for seeking advice.)","ん is a shrunken の — のです softened into んです, adding a ""you see..."" explanatory undertone.","Common mistake: sprinkling んです into every sentence without needing the explanatory nuance —
overusing it can sound overly dramatic or nosy in casual contexts; save it for explaining
background, asking with concern, or giving a reason.",Analysis checklist #74 (jlpt_n5_flashcard_checklist.md)
What does 「~つもりです」mean?,Plan to / Intend to (used with dictionary form to state an active future intention or negative plan with ない-form).,माझा जपानला जाण्याचा विचार आहे — I plan to go to Japan. The verbal noun structure matches 'विचार आहे' or 'योजना आहे' structurally.,"Easy: 来年日本へ行くつもりです。(らいねん にほんへ いくつもりです。) — I plan to go to Japan next year. (Why: Combines a future time marker with dictionary verb and つもりです.)
Medium: 今日は何も買わないつもりです。(きょうは なにも かわないつもりです。) — I intend not to buy anything today. (Why: Shows negative intention using verb ない-form + つもりです.)
Hard: 大学で新しい外国語を勉強するつもりです。(だいがくで あたらしい がいこくごを べんきょうする つもりです。) — I plan to study a new foreign language at the university. (Why: Chains locative, object modifiers, and dictionary verbs into a clear intent declaration.)","つもり = a mental plan already decided — think ""I've turned this over in my mind and settled on it.""","Common mistake: confusing つもりです (a firm, already-decided intention) with たいです (a want/desire,
not necessarily decided) — つもりです implies you've made up your mind; たいです just expresses
wanting something without committing to it.",Analysis checklist #75 (jlpt_n5_flashcard_checklist.md)
What does 「~方 (かた)」mean?,How to / Way of doing (attached to the verbます-stem; the resulting word becomes a noun).,गाडी चालवण्याची पद्धत — The way of driving a car. The verbます-stem + 方 mirrors the Marathi construct 'क्रियापद + करण्याची पद्धत'.,"Easy: この漢字の読み方を教えてください。(この かんじの よみかたを おしえてください。) — Please teach me the reading (way of reading) of this kanji. (Why: Attaches 方 to the ます-stem of 読む to form a compound noun.)
Medium: お箸の使い方を知っていますか。(おはしの つかいかたを しっていますか。) — Do you know how to use chopsticks? (Why: Uses the ます-stem of 使う with the direct object marker の.)
Hard: 美味しい日本料理の作り方を習いました。(おいしい にほんりょうりの つくりかたを ならいました。) — I learned how to make delicious Japanese food. (Why: Connects adjective modifiers and compound noun creations under a past action verb.)","方 (かた) on a verb's ます-stem turns ""the act of doing X"" into ""the WAY of doing X"" — 読み(ます)+方 =
読み方, ""way of reading.""","Common mistake: attaching 方 to the wrong verb form — it always attaches to the ます-stem, not the
dictionary form or て-form (読みます→読み方, not 読む方 or 読んで方). Also, this pattern is flagged in
the checklist itself as often being N4-level, so treat it as a bonus/preview pattern rather than a
core N5 requirement.",Analysis checklist #76 (jlpt_n5_flashcard_checklist.md)
"What does 「ます-form (present/future, affirmative)」mean?","Polite present or future affirmative form used to express habits, general truths, or future intentions.",मी रोज अभ्यास करतो (मी रोज अभ्यास करते) — I study every day. Both languages are SOV and place the polite verb form at the absolute end of the sentence to show respect.,"Easy: 毎日日本語を勉強します。 (まいにちにほんごをべんきょうします。) — I study Japanese every day. (Why: Explains a habitual daily action using the polite present form.)
Medium: 明日友達と図書館に行きます。 (あしたともだちとしょかんじょにいきます。) — I will go to the library with my friend tomorrow. (Why: Marks a future intention scheduled for tomorrow with a target destination.)
Hard: 毎週日曜日にデパートで買い物をします。 (まいしゅうにちようびにでぱーとでかいものをします。) — I do shopping at the department store every Sunday. (Why: Combines a recurring weekly time marker, location of action, and a compound verb.)","ます is the ""polish"" you put on any verb to make it presentable in public — plain 食べる becomes
polite 食べます.","Common mistake: keeping ます-form on a verb embedded before a grammar pattern that needs the plain
form instead (e.g. ことができます needs 食べること, not 食べますこと) — ます belongs on the final verb
of a polite sentence, not mid-sentence.",Analysis checklist #23 (jlpt_n5_flashcard_checklist.md)
"What does 「ません (present/future, negative)」mean?","Polite present or future negative form meaning ""do not"" or ""will not.""","मी चहा पीत नाही — I do not drink tea. Just as Marathi places the negative auxiliary ""नाही"" at the end of the clause, Japanese uses ""ません"" to negate the verb sentence-finally.","Easy: お酒を飲みません。 (おさけをのみません。) — I do not drink alcohol. (Why: States a personal habit or general rule in the polite negative.)
Medium: 今日はテレビを見ません。 (きょうはてれびをみません。) — I will not watch TV today. (Why: Indicates a specific negative plan or choice for the current day.)
Hard: 私はその漢字がよく分かりません。 (わたしはそのかんじがよくわかりません。) — I do not understand those kanji characters well. (Why: Negates the intransitive verb of understanding, modified by the adverb ""well."")","Swap す for せん — ます becomes ません, like flipping a switch off.","Common mistake: piling on an extra ない somewhere too (❌ 飲みませんない) — ません is already the
complete negative; there's nothing left to negate again.",Analysis checklist #24 (jlpt_n5_flashcard_checklist.md)
"What does 「ました (past, affirmative)」mean?","Polite past affirmative form meaning ""did.""","मी काल पत्र लिहिले — I wrote a letter yesterday. In both languages, the verb conjugates into the past tense and sits at the very end of the sentence.","Easy: 昨日買い物をしました。 (きのうかいものをしました。) — I went shopping yesterday. (Why: Highlights a completed action in the past using a standard time adverb.)
Medium: 今朝七時に起きました。 (けさしちじにおきました。) — I woke up at seven o'clock this morning. (Why: Pairs a past action with a specific time point marked by the particle に.)
Hard: 先週の日曜日に友達に会いました。 (せんしゅうのにちようびにともだちにあいました。) — I met my friend last Sunday. (Why: Demonstrates a past event with a specific target person marked by the particle に.)","ます → ました, just like English adds ""-ed"" for past tense.","Common mistake: using でした on a verb instead of ました (❌ 食べるでした) — でした is only for
nouns/な-adjectives; verbs always take ました for the polite past.",Analysis checklist #25 (jlpt_n5_flashcard_checklist.md)
"What does 「ませんでした (past, negative)」mean?","Polite past negative form meaning ""did not.""",मी अभ्यास केला नाही — I did not study. Both languages place the negative past inflected markers at the end of the sentence.,"Easy: 朝ご飯を食べませんでした。 (あすごはんをたべませんでした。) — I did not eat breakfast. (Why: Indicates a simple non-event in the past morning.)
Medium: 昨日はどこへも行きませんでした。 (きのうはどこへもいきませんでした。) — I did not go anywhere yesterday. (Why: Uses the complete negative location phrase ""どこへも"" with past negation.)
Hard: 先週は忙しくて本を読みませんでした。 (せんしゅうはいそがしくてほんをよみませんでした。) — Last week I was busy and did not read books. (Why: Connects a past reason in the て-form of an adjective with a final negative past verb.)","Combine both pieces: ません (negative) + でした (past) = ""didn't.""","Common mistake: slipping in plain-form だった (❌ ませんだった) — the polite past negative is always
ませんでした, never mixed with a plain-form ending.",Analysis checklist #26 (jlpt_n5_flashcard_checklist.md)
What does 「て-form formation」mean?,"The conjunctive form of verbs used to connect clauses, list sequential actions, or attach grammatical helpers.","मी उठून चहा पितो — I wake up and drink tea. The Marathi suffix ""-ऊन"" (e.g. उठून - having woken up) is a perfect syntactic parallel to the Japanese て-form for linking actions consecutively.","Easy: 朝起きて、水を飲みます。 (あさおきて、みずをのみます。) — I wake up in the morning and drink water. (Why: Uses the て-form of 起きる to link two actions chronologically.)
Medium: 図書館に行って、本を読みました。 (としょかんにいって、ほんをよみました。) — I went to the library and read a book. (Why: Shows a series of completed past actions linked using the て-form of 行く.)
Hard: 毎晩お風呂に入ってから寝ます。 (まいばんおふろにはいってからねます。) — Every night I take a bath and then sleep. (Why: Pairs the て-form with から to emphasize that one action happens strictly after another.)","Think of て as a connector hook linking one action to the next, like a chain link between clauses.","Common mistake: applying the wrong sound-shift rule for group-1 (u-verb) て-forms (う/つ/る→って,
む/ぬ/ぶ→んで, く→いて, ぐ→いで, す→して) — these are grouped by the verb's final sound, not
guessable, so they need direct memorization.",Analysis checklist #27 (jlpt_n5_flashcard_checklist.md)
What does 「~てください」mean?,"A polite request meaning ""please do this action.""","कृपया पुस्तक उघडा — Please open the book. Both languages utilize a polite imperative ending (Marathi ""-ा"" ending and Japanese ""てください"") to request action.","Easy: 本を読んでください。 (ほんをよんでください。) — Please read the book. (Why: Requests a basic action using the て-form of 読む.)
Medium: ここに名前を書いてください。 (ここになまえをかいてください。) — Please write your name here. (Why: Directs a polite request to a specific location marked by the particle に.)
Hard: すみませんが、ゆっくり話してください。 (すみませんが、ゆっくりはなしてください。) — Excuse me, but please speak slowly. (Why: Combines a polite sentence opener with an adverb modifying the requested action.)","て-form + ください = ""please give [me the action]"" — literally handing over the て-form as a request.","Common mistake: attaching ください straight to the dictionary form or ます-form (❌ 読むください, ❌
読みますください) — it must always follow the て-form (読んでください).",Analysis checklist #28 (jlpt_n5_flashcard_checklist.md)
What does 「~ています (progressive)」mean?,"The progressive state indicating that an action is currently ongoing (""is doing"").","मी अभ्यास करत आहे — I am studying. Marathi uses the helper verb ""आहे"" with the continuous participle ""करत"", structurally paralleling the て-form + います helper.","Easy: テレビを見ています。 (てれびをみています。) — I am watching TV. (Why: Expresses a standard active process occurring at the present moment.)
Medium: 彼は今日本語を勉強しています。 (かれはいまにほんごをべんきょうしています。) — He is studying Japanese right now. (Why: Combines an ongoing continuous activity with a specific subject and time modifier.)
Hard: 外で雨が降っています。 (そとであめがふっています。) — It is raining outside. (Why: Shows an ongoing natural phenomenon marked by the subject marker が.)","て-form + います = ""doing-and-existing-right-now"" — picture the action frozen mid-motion.","Common mistake: assuming ています always means ""in progress"" — for instantaneous change-of-state
verbs (結婚する, 住む, 知る) it instead describes a resulting STATE, not an ongoing process (see the
next card).",Analysis checklist #29 (jlpt_n5_flashcard_checklist.md)
What does 「~ています (state/habitual)」mean?,"Expresses a stable state resulting from a past action, or a long-term habitual action such as occupation or residence.",मी मुंबईत राहत आहे — I live in Mumbai. Both languages use their progressive structures to indicate a continuous state of residence or occupation rather than a momentary action.,"Easy: 東京に住んでいます。 (とうきょうにすんでいます。) — I live in Tokyo. (Why: Denotes a stable state of living in a specific city marked by に.)
Medium: 私は結婚しています。 (わたしはけっこんしています。) — I am married. (Why: Demonstrates a permanent state resulting from the past action of getting married.)
Hard: 姉は大学で教えています。 (あねはだいがくでおしえています。) — My older sister teaches at a university. (Why: Shows a habitual professional occupation using the state function at a location marked by で.)","Same て-form + います, but for ""instant-change"" verbs it reads as ""the result is still true,"" not ""in
the middle of happening.""","Common mistake: translating 結婚しています as ""I am getting married"" (in progress) instead of ""I am
married"" (resulting state) — momentary/change-of-state verbs flip ています from progressive to
stative meaning.",Analysis checklist #30 (jlpt_n5_flashcard_checklist.md)
What does 「~てもいいです」mean?,"Expresses permission meaning ""may"" or ""it is okay to do.""","तू आत आला तरी चालेल — It is okay even if you come in. The Marathi phrasing ""आला तरी चालेल"" (even if you do X, it is fine) mirrors the concessive syntax of the て-form + も (even) + いいです (is good).","Easy: 入ってもいいです。 (はいってもいいです。) — You may enter. (Why: Grants permission to perform a simple movement.)
Medium: ここで写真を撮ってもいいですか。 (ここでしゃしんをとってもいいですか。) — May I take pictures here? (Why: Formulates a polite question asking for permission to do an action at a location.)
Hard: 暑いので、窓を開けてもいいですか。 (あついので、まどをあけてもいいですか。) — Since it is hot, may I open the window? (Why: Prefaces a request for permission with an adjective clause explaining the physical reason.)","て-form + も (even) + いいです (is good) = ""even if [you do this], it's fine.""","Common mistake: dropping the か when actually asking for permission — てもいいです alone is a
statement of general permission; てもいいですか is the real question ""may I?""",Analysis checklist #31 (jlpt_n5_flashcard_checklist.md)
What does 「~てはいけません」mean?,"Expresses a formal prohibition meaning ""must not"" or ""is not allowed to.""","तिथे कचरा टाकू नका (तिथे कचरा टाकण्यास मनाई आहे) — You must not throw garbage there. Marathi uses ""मनाई आहे"" or negative imperatives to convey prohibition at the end of the sentence.","Easy: ここで泳いではいけません。 (ここでおよいではいけません。) — You must not swim here. (Why: Forbids an action in a specified location.)
Medium: 教室の中で歌ってはいけません。 (きょうしつのなかでうたってはいけません。) — You must not sing inside the classroom. (Why: Sets a strict behavioral rule within a specific compound space.)
Hard: 危ないですから、そこに入ってはいけません。 (あぶないですから、そこにはいってはいけません。) — Since it is dangerous, you must not enter there. (Why: Links a cause using the explanation marker ですから with a direct spatial prohibition.)","て-form + は (as for) + いけません (no good) = ""as for doing this — no good.""","Common mistake: confusing てはいけません (formal, rule-like prohibition) with ないでください (a
softer personal request not to do something) — てはいけません sounds like a posted rule or law, not
a casual ask.",Analysis checklist #32 (jlpt_n5_flashcard_checklist.md)
"What does 「Dictionary form (plain, present)」mean?","The basic, uninflected form of verbs used in casual speech or as modifiers before certain nouns.","तो रोज धावतो — He runs every day. Both languages utilize the plain, basic verb form to express habitual actions or future predictions in casual settings.","Easy: 毎日走る。 (まいにちはしる。) — I run every day. (Why: Showcases a habitual plain present verb in casual speech.)
Medium: 明日友達に会う。 (あしたともだちにあう。) — I will meet my friend tomorrow. (Why: Predicts a future event casually using the dictionary form.)
Hard: 私は来年日本に行くつもりです。 (わたしはらいねんにほんにおいくつもりです。) — I plan to go to Japan next year. (Why: Embeds the dictionary form before the auxiliary noun ""つもり"" to express future intent.)","The dictionary form is the verb's ""ID photo"" — the exact headword you'd look it up by, no
conjugation makeup applied.","Common mistake: using the dictionary form as the main verb in polite conversation — it's for casual
speech or as a base before certain grammar patterns (ことができます, つもりです); a polite sentence's
final verb still needs ます.",Analysis checklist #33 (jlpt_n5_flashcard_checklist.md)
"What does 「ない-form (plain, negative)」mean?","The plain negative form of verbs meaning ""do not"" or ""will not"" in casual context or grammar patterns.","तो काम करत नाही — He does not work. Reflects the casual negative present tense, where the main verb carries the negative element at the end of the sentence.","Easy: 今日は食べない。 (きょうはたべない。) — I will not eat today. (Why: Expresses a basic future refusal or choice in casual speech.)
Medium: お金がない。 (おかねがない。) — There is no money. (Why: Uses the plain negative irregular verb of existence to state a condition.)
Hard: 時間がないので、走る。 (じかんがないので、はしる。) — Since there is no time, I will run. (Why: Couples a plain negative reason clause using ので with a plain present verb.)","ない tacks onto the verb's negative stem — think ""nah, I won't"" (na-i).","Common mistake: mixing up group-1 (u-verb) and group-2 (る-verb) ない-form rules — group 2 just drops
る and adds ない (食べる→食べない), but group 1 shifts the final vowel to ""a"" first (飲む→飲まない). Mixing
these two patterns up is one of the most common N5 conjugation errors.",Analysis checklist #34 (jlpt_n5_flashcard_checklist.md)
What does 「Verb stem + たいです」mean?,"Expresses the speaker's desire to perform a specific action (""want to do"").","मला पाणी प्यायचे आहे — I want to drink water. The Marathi structure places the desired action first followed by ""पाहिजे"" or ""इच्छा आहे"", matching the placement of standard verbal intent markers in Japanese.","Easy: 水が飲みたいです。 (みずがのみたいです。) — I want to drink water. (Why: Expresses a basic physical desire, optionally using が with the たい form.)
Medium: 日本で寿司を食べたいです。 (にほんですしをたべたいです。) — I want to eat sushi in Japan. (Why: Combines a location marker and direct object with a stated wish.)
Hard: 休みの日にはどこへも行きたくないです。 (やすみのひにはどこへもいきたくないです。) — On my days off, I don't want to go anywhere. (Why: Integrates an negative shift of the たい form to express a total absence of desire to go anywhere.)","たい sounds like ""tie"" — ""I want to tie myself to doing this action.""","Common mistake: forgetting たいです is strictly for the SPEAKER's own desire (or asking the listener's,
in a question) — describing a third person's desire needs たがっている instead, which is beyond N5
but worth knowing exists. Also note the object particle often shifts from を to が with たい (水が
飲みたい), though を remains acceptable.",Analysis checklist #35 (jlpt_n5_flashcard_checklist.md)
